,exp_data,predictions_all_0.362,predictions_sel_0.519
AAC1,0.3174721073744008,0.09482824802398682,0.03063786029815674
AAC3,-0.3722273036087268,-0.046868205070495605,0.032857269048690796
AAD10,-0.5041138826730763,0.01069575548171997,-0.05527675151824951
AAD14,0.1292689906290154,0.11068427562713623,0.05538654327392578
AAD4,0.2673704990389921,0.02319645881652832,-0.05121123790740967
AAH1,0.4196917342736796,0.07593235373497009,-0.014206111431121826
AAT1,-0.3521584354676504,-0.008040249347686768,0.03142571449279785
AAT2,0.2607247879965853,0.07133466005325317,0.031211555004119873
ABZ1,0.21134529750742706,0.1163596510887146,0.12792757153511047
ABZ2,0.18289304952939653,0.07701671123504639,0.05197441577911377
ACC1,0.2504539110874256,0.04298973083496094,-0.36001962423324585
ACH1,1.2432147582812654,1.9679361581802368,0.6518979072570801
ACO1,0.6180842069405714,0.4743989109992981,-0.0054912567138671875
ACO2,0.13096907131447216,0.15153899788856506,0.1424272060394287
ACP1,-0.08242899175353252,0.026723623275756836,0.050503432750701904
ACS1,1.0704125562957951,1.785276174545288,1.4568520784378052
ACS2,0.7702171823993367,0.12418606877326965,-0.2126307487487793
ADE1,0.3640327144167625,0.03820282220840454,0.006911784410476685
ADE12,0.2073517508982872,0.15856871008872986,0.0030454695224761963
ADE13,0.18536921064847486,-0.0192793607711792,0.09239518642425537
ADE16,-0.08929303238437197,-0.023073911666870117,0.032292336225509644
ADE17,0.31379131682296196,0.003022134304046631,0.03182721138000488
ADE2,0.1823406851531146,0.21935567259788513,0.10658201575279236
ADE3,0.2284202706135335,0.2829405665397644,0.20054852962493896
ADE4,0.19795324507959555,0.36817798018455505,0.21002879738807678
"ADE5,7",0.17649398764455992,-0.02145516872406006,0.05218663811683655
ADE6,0.26484699719035737,0.056728363037109375,0.058741599321365356
ADE8,0.11246729440920998,-0.0602496862411499,-0.02008676528930664
ADH1,-1.1695703705861984,-0.7133110761642456,-1.0238221883773804
ADH2,0.8123104711101681,0.8026209473609924,0.4926407039165497
ADH3,0.932631886678822,0.063622385263443,0.28079432249069214
ADH4,-0.10505987661782906,0.037440359592437744,0.006655484437942505
ADH5,0.05566695701381349,0.14741498231887817,0.14644789695739746
ADH6,-0.12138691165221155,0.017268210649490356,-0.04806441068649292
ADI1,-0.09656329147736986,-0.08548879623413086,0.007408797740936279
ADK1,0.199374246591426,0.0013827681541442871,-0.03842729330062866
ADK2,0.7560442739311544,0.1033984124660492,0.1460828185081482
ADO1,0.18716579524364368,-0.039522409439086914,0.021684974431991577
ADP1,-0.046757270908083945,-0.6035268306732178,-0.6977064609527588
ADY2,3.1328530935334586,1.2860857248306274,2.3138067722320557
AGC1,0.2187376116317328,-0.000610649585723877,-0.020516037940979004
AGP1,-0.7168967254027832,-0.2804635167121887,-0.31887930631637573
AGP2,0.6838700529308829,0.11446353793144226,0.1978664994239807
AGP3,0.7965047714501329,0.7057384848594666,1.0128798484802246
AGX1,0.833623942629925,0.2520643472671509,0.028440117835998535
AHP1,-1.4611797437623968,-0.6995747089385986,-0.4862913489341736
AIM10,0.04167151520340723,-0.08480125665664673,0.023108989000320435
AIM22,0.3384181850895097,0.004098325967788696,-0.0311201810836792
ALA1,0.3218914011683119,0.02110689878463745,0.0456404983997345
ALD2,-0.3575439375983594,-0.7334115505218506,-0.05820751190185547
ALD3,-1.6410591187371362,-0.056549072265625,-0.4922940731048584
ALD4,-0.4444575933272165,-0.05834245681762695,-0.25474464893341064
ALD5,-0.37744654869735855,-0.14130771160125732,-0.2986677289009094
ALD6,0.1787241227960489,0.07893314957618713,0.5730872750282288
ALE1,0.09797140782298304,-0.10873991250991821,-0.11040616035461426
ALG1,0.17807179010294027,0.0018835365772247314,-0.00633084774017334
ALG11,0.2088139121407984,0.028547048568725586,-0.04351752996444702
ALG12,-0.3590577104836406,-0.06697183847427368,-0.0820884108543396
ALG13,-0.042035830979166015,-0.051607728004455566,0.031006544828414917
ALG14,0.015152078700233202,0.0463138222694397,0.0136147141456604
ALG2,0.14318124646358565,0.10527414083480835,0.12723121047019958
ALG5,-0.0019793411213084337,0.049144357442855835,-0.016906023025512695
ALG6,0.029762012991414805,0.12680169939994812,0.013727337121963501
ALG7,0.0059689546769120545,0.060714513063430786,0.0990821123123169
ALG8,-0.06725092045301556,0.06617280840873718,0.01063835620880127
ALG9,0.14247787411103394,0.09174248576164246,0.05764108896255493
ALO1,0.0633710751616725,0.053761839866638184,0.06326067447662354
ALP1,0.3600755879684261,-0.16891521215438843,0.0615023672580719
ALT1,-0.06271484635359127,-0.049367666244506836,0.12203365564346313
ALT2,0.2158018958979061,-0.09641015529632568,0.209684818983078
AMD1,0.0841157541091769,0.07289373874664307,0.03429439663887024
AMD2,0.11698053014709603,0.07001075148582458,0.18618682026863098
AMS1,-0.2882450959125141,-0.05540144443511963,0.004088789224624634
ANT1,0.07298512395440976,0.10980796813964844,0.1187940239906311
APA1,-0.0977954681740669,0.11928227543830872,0.0440596342086792
APA2,0.12041173584807552,0.12407764792442322,0.11902254819869995
APE1,-0.3762126125700647,-0.026902496814727783,0.00500255823135376
APT1,0.33314019634572384,0.016268789768218994,0.027732640504837036
APT2,0.08603162881541046,-1.2374212741851807,-0.5029435157775879
AQY1,-0.727873401505085,-0.40265876054763794,-0.5882440805435181
AQY2,0.4502701340214945,-0.07727932929992676,-0.03575092554092407
AQY3,-0.9466023320751932,-0.812332034111023,-1.0123605728149414
ARA1,-0.4706966779948958,-0.1420498490333557,-0.2291802167892456
ARA2,0.10172868731947504,0.0783204436302185,-0.0049040913581848145
ARD1,0.09990856180102912,0.05640321969985962,0.0377022922039032
ARE1,-0.22064800027957626,0.06038910150527954,0.01809006929397583
ARE2,-0.3884247050499643,-0.13220947980880737,-0.467276930809021
ARG1,-0.05774529685683781,0.2420717477798462,0.15605410933494568
ARG2,0.23579318193353385,0.1495797336101532,0.10030052065849304
ARG3,-0.28580447271628445,0.2876034677028656,0.09440529346466064
ARG4,0.3225571542180406,0.3307434022426605,0.23015880584716797
"ARG5,6",0.0013119077610636589,0.1823958456516266,0.22778046131134033
ARG7,-0.033488166044589505,0.1000136137008667,0.08404755592346191
ARG8,-0.2874962217645373,0.280777245759964,0.24567356705665588
ARG82,0.04301377114936572,-0.08002787828445435,0.06582874059677124
ARH1,0.17694327212985228,0.0896516740322113,0.06489896774291992
ARO1,0.256977778893348,0.020800232887268066,0.09908410906791687
ARO2,0.040214130977575466,0.03839731216430664,-0.052235424518585205
ARO3,-0.005490036071674048,-0.06579208374023438,-0.010284781455993652
ARO4,-0.0018685430342237138,-0.02425283193588257,-0.006563365459442139
ARO7,0.2565778765150539,0.07234227657318115,-0.007799863815307617
ARO8,0.16108891759451774,0.04993733763694763,0.00853082537651062
ARO9,0.6283415795436798,0.056767046451568604,0.026697158813476562
ASN1,-0.20585627568960455,0.08397018909454346,0.046752214431762695
ASN2,-0.03661479700762927,-0.11509168148040771,-0.006659746170043945
ASP1,-0.16265321901583726,0.058238595724105835,-0.01836174726486206
ASP3-2,0.06285813734572845,-0.6990033388137817,-0.01646709442138672
ASP3-3,-0.3216234779548809,-0.09456264972686768,0.07907748222351074
ATE1,0.04799087078614056,-0.2827461361885071,0.0003540217876434326
ATF1,-0.05561662003815247,0.07297611236572266,0.07009166479110718
ATF2,-0.3671693119663443,-0.15763694047927856,-0.05244940519332886
ATG15,0.19178040081819148,0.022796958684921265,0.062193334102630615
ATG22,-0.008611684294639084,-0.0008845925331115723,0.03470712900161743
ATG26,-0.015169740593594331,0.3718603253364563,0.19028088450431824
ATH1,-0.10202681149133216,0.0487215518951416,0.01554250717163086
ATM1,0.2555384128597987,0.008766084909439087,0.05390918254852295
ATO3,0.7854413908998231,0.7848199009895325,0.2672673165798187
ATP1,0.2331436257271852,0.07348242402076721,0.058574140071868896
ATP10,0.378022631096885,-0.044093191623687744,0.0011792480945587158
ATP11,-0.012097220054376284,0.07260850071907043,0.04590100049972534
ATP12,-0.1668259693067852,0.0010933876037597656,-0.04943406581878662
ATP14,0.3011283665618254,0.16143417358398438,0.11250582337379456
ATP15,0.14123240989503993,0.12450441718101501,0.026031494140625
ATP16,0.38809348254439374,-0.025636792182922363,0.07682818174362183
ATP17,0.4180920424849629,0.1459246575832367,0.0697641670703888
ATP18,0.15966283018190766,-0.03203082084655762,0.07290372252464294
ATP19,0.7457883947179732,0.12298086285591125,0.09898349642753601
ATP2,0.2520388580290853,0.03894129395484924,0.09345704317092896
ATP20,0.390927163301917,0.060248345136642456,0.1725808084011078
ATP3,0.3428546477469241,0.10375294089317322,0.03407731652259827
ATP4,0.3193159197861047,0.0936255156993866,0.023228436708450317
ATP5,0.3555636577701549,0.07128322124481201,0.0995427668094635
ATP7,0.3670642666663346,0.13723993301391602,-0.04626476764678955
AUR1,0.06818829380181524,-0.002120673656463623,0.049830108880996704
AUS1,0.3501254422894451,0.09214335680007935,0.006892859935760498
AVT1,0.07701807881422296,0.0685206949710846,-0.007195889949798584
AVT3,0.4813219702142978,0.3479171693325043,0.3743281960487366
AVT4,0.1904987726425159,0.31796571612358093,0.14473915100097656
AVT6,-0.03233238180893951,0.04110333323478699,0.03835764527320862
AYR1,-0.38305015177725066,-0.18074238300323486,-0.13835346698760986
BAP2,-1.6663394843632553,-0.30118781328201294,-0.7545007467269897
BAP3,0.1978929486157188,-0.07675254344940186,0.00785711407661438
BAT1,-0.04573962040347754,0.08056628704071045,-0.09530186653137207
BAT2,0.2470088443236741,0.9575270414352417,0.5987521409988403
BDH1,-0.6274612509113213,-0.0658724308013916,0.15640491247177124
BDH2,-0.8315114914231228,0.003223985433578491,0.01483142375946045
BGL2,-0.24652558879843375,0.17954489588737488,0.14641860127449036
BIO2,0.7498519818575626,-0.6720950603485107,-0.5057064294815063
BIO4,0.2444530722366796,0.08137845993041992,0.09371289610862732
BIO5,0.022095337076838258,0.05899703502655029,0.021869659423828125
BNA1,-0.018889880382434724,0.0956943929195404,0.15810662508010864
BNA2,0.15005464956368147,-0.00018841028213500977,0.010493218898773193
BNA3,-0.21449167396507146,0.0034677088260650635,0.07554683089256287
BNA4,-0.13866637630556794,0.04010191559791565,0.2928406298160553
BNA5,0.1690250933676709,0.1757436990737915,0.0788000226020813
BNA6,0.12306900820974025,-0.4777235984802246,0.000619053840637207
BNA7,0.12211094590366604,0.0047605931758880615,0.06920278072357178
BPL1,0.16097968804964624,-0.002196371555328369,0.04051494598388672
BPT1,-0.09226395142152244,-0.227322518825531,-0.01267707347869873
BTS1,0.32012386109368296,-0.033634305000305176,-0.012168169021606445
BUD16,0.36295311355874577,-0.012974798679351807,-0.2714477777481079
BUD17,0.04670662493470192,0.031226783990859985,0.035667598247528076
CAB1,0.11696623932242528,0.09517562389373779,0.12564828991889954
CAB2,0.6312556739181986,0.4998711943626404,0.4231339693069458
CAB3,0.15531040491055256,-0.033779680728912354,0.04406428337097168
CAB4,0.07332763793772756,0.1654510498046875,-0.004645287990570068
CAB5,-0.0705612170036136,-0.055767178535461426,0.023153960704803467
CAN1,-0.05297285337081288,0.0597817599773407,0.011773943901062012
CAR1,-0.08079643411632577,0.11731678247451782,-0.2396509051322937
CAR2,-0.8422286105407369,-0.2965800166130066,-0.19763058423995972
CAT2,1.45693652980351,2.376837730407715,2.204759120941162
CAT5,0.16512944276923275,0.034572601318359375,0.025754928588867188
CAX4,0.0920032837465793,0.18423804640769958,0.03939414024353027
CBR1,0.0906125623863584,0.02359628677368164,-0.02614879608154297
CCC2,0.04407264368044641,0.06862765550613403,0.043020099401474
CCP1,0.06778849223263747,0.05296105146408081,0.03780058026313782
CDA1,0.3605285338345519,0.024868130683898926,0.13100802898406982
CDA2,1.9578061996711171,1.4050488471984863,1.5351533889770508
CDC19,-0.731221950267315,-0.9103075265884399,-0.7803492546081543
CDC21,0.15371715591968,0.04886266589164734,-0.11634522676467896
CDC60,-0.052482759105902436,0.01621493697166443,-0.04156196117401123
CDC8,0.11662081458048976,0.037144631147384644,0.068230539560318
CDD1,-0.10102796169934257,0.12260869145393372,0.027899175882339478
CDS1,0.2238786715785709,0.1207973062992096,0.22263717651367188
CEM1,0.07772552288939903,0.0983353853225708,-0.009195923805236816
CHA1,-0.4561572427751626,-0.04515343904495239,-0.1662268042564392
CHO1,0.30130327826474423,0.038785964250564575,0.1085350513458252
CHO2,0.10918181405440457,-0.16714048385620117,0.020143181085586548
CHS1,-0.08436821120972264,0.05709394812583923,-0.02645009756088257
CHS2,0.12039685818201387,0.07798042893409729,0.0413362979888916
CHS3,-0.05807521235966805,-0.005201101303100586,-0.03733503818511963
CIN10,0.08971723682747428,-0.13216131925582886,-0.08262807130813599
CIT1,0.7377574015231176,0.2020571529865265,0.3867255747318268
CIT2,1.9310570553890287,1.0066187381744385,1.4228068590164185
CIT3,1.1772395981122619,0.2169685661792755,0.41449031233787537
CKI1,0.29983595442513483,-0.0655023455619812,0.08977997303009033
CLD1,0.3013732770393684,0.0059638917446136475,-0.04680359363555908
COQ1,0.022939036725597203,-0.00420147180557251,-0.06450062990188599
COQ2,0.07022821938695407,0.032952845096588135,0.06111198663711548
COQ3,-0.16566978821290168,0.04584839940071106,-0.030321240425109863
COQ4,-0.17153479993837992,0.0969998836517334,0.08048394322395325
COQ5,0.008982934654356796,0.09957033395767212,0.00026684999465942383
COQ6,-0.31925816690255154,-0.5323710441589355,-0.41683429479599
COQ8,0.1662728116067811,-0.0436132550239563,0.06803542375564575
COQ9,-0.1384503257154659,0.07438656687736511,0.008393555879592896
COR1,0.21050878946778975,-0.13199716806411743,-0.07034939527511597
COT1,0.8148496807159681,0.020174384117126465,-0.055063724517822266
COX10,-0.0076927614486808375,0.008834004402160645,-0.02902698516845703
COX11,-0.01439645369083576,0.08842247724533081,0.04964002966880798
COX12,0.26026387365440223,0.07067149877548218,-0.09090667963027954
COX13,0.3728377792643533,0.2550122141838074,0.11809307336807251
COX15,-0.16455809754269124,-0.03416180610656738,-0.30667245388031006
COX16,0.12866803569197327,0.12030929327011108,0.07228842377662659
COX18,-0.13857262491143665,0.10591983795166016,0.04117661714553833
COX19,0.3550432114605153,0.10834330320358276,0.08357402682304382
COX20,0.0434245472591358,-0.043277859687805176,-0.0014156103134155273
COX23,-0.06010101909577269,0.13176384568214417,0.0028664767742156982
COX4,0.25984099151524753,0.11359736323356628,0.07751327753067017
COX5A,0.5022525715460474,0.11781814694404602,0.0032624900341033936
COX5B,-0.5971361653083372,-0.014307856559753418,-0.050451040267944336
COX6,0.32580325121381,0.09395134449005127,0.08429810404777527
COX7,0.22974859172388815,0.221795916557312,0.2185153067111969
COX8,0.25468349218335834,0.0979299247264862,-0.5399765968322754
COX9,0.5229958784101928,0.532967746257782,0.3862926661968231
CPA1,-0.14713401153654287,0.10192346572875977,0.4477030634880066
CPA2,0.15421135031370609,-0.05098932981491089,0.018336862325668335
CPD1,-0.00881705884227159,-0.03567326068878174,0.006352782249450684
CPT1,0.10030791284659996,0.05963590741157532,0.07478588819503784
CRC1,2.196995070925849,1.7568941116333008,1.690904974937439
CRD1,0.12543550720004104,0.09971413016319275,0.09043872356414795
CSG2,0.03862311475399049,-0.03126782178878784,-0.061275601387023926
CSH1,-0.3078562418799783,0.022061258554458618,0.044675469398498535
CST26,-0.11525884459128476,0.03867015242576599,-0.050998151302337646
CTA1,0.4911830527766744,0.08342191576957703,-0.0101432204246521
CTM1,0.14542152019851354,0.0692850649356842,0.09907349944114685
CTP1,0.1004407817997131,-0.043183863162994385,-0.07264316082000732
CTS1,0.026306647536216414,0.1314249038696289,0.11524984240531921
CTS2,-0.15050268993932256,-0.12652236223220825,-0.0018771886825561523
CTT1,-1.1932738498801514,-0.20668619871139526,-0.7718023061752319
CWH41,0.15086628057186932,0.06489524245262146,0.07862639427185059
CYB2,-1.0767726437620206,-0.3227447271347046,-0.6689183712005615
CYC1,0.08763873847763537,0.13774755597114563,0.16075929999351501
CYC3,-0.1736404124115846,0.08650413155555725,-0.0936008095741272
CYC7,-2.0549810437954994,-0.08628052473068237,-0.626357913017273
CYR1,-0.17442068980553255,-0.03929787874221802,0.05918601155281067
CYS3,-0.09898031440606354,0.019662797451019287,0.09219127893447876
CYS4,0.04484036028728757,0.14005237817764282,0.13309097290039062
CYT1,0.12632644066907253,-0.03525656461715698,-0.2113780379295349
DAK1,-0.13129635311006727,0.12014001607894897,0.08203586935997009
DAL1,0.10396689176702904,0.11958542466163635,0.09809425473213196
DAL2,0.29776243287860443,-0.09238016605377197,0.028685688972473145
DAL3,-0.1355129533079209,0.08380648493766785,0.08632108569145203
DAL4,0.041759293055602865,-0.12950199842453003,0.013127893209457397
DAL5,-0.052803833839271536,0.1238572895526886,0.033577948808670044
DAL7,-0.17549356437098784,0.019944429397583008,0.06106024980545044
DAS2,0.3357080172016768,0.10824304819107056,0.04635229706764221
DCD1,0.34973448150457165,-0.06039857864379883,-0.10044914484024048
DCI1,0.18040700530449805,0.005159705877304077,-0.0905645489692688
DDP1,0.08233775861230082,0.18702799081802368,0.10510814189910889
DED81,0.2443395873210064,0.038222044706344604,0.05722683668136597
DEG1,0.1516893395270314,-0.03204315900802612,0.09001883864402771
DET1,0.2132422748917552,0.0986955463886261,-0.007876932621002197
DFR1,0.03321182152529725,0.12898707389831543,0.06331175565719604
DGA1,0.16396678982754506,0.1391175091266632,0.09119582176208496
DGK1,-0.073938524014447,-0.026663482189178467,0.026492387056350708
DIA3,-0.15314897436732425,-0.22274142503738403,0.0041487812995910645
DIA4,-0.1265726107890633,-0.06460338830947876,0.01571539044380188
DIC1,0.3602419410561716,0.4807587265968323,0.4491270184516907
DIE2,0.22239444953377172,0.013548284769058228,0.05547797679901123
DIP5,-0.3951116725005835,0.0377981960773468,0.1191541850566864
DIT1,0.2759636328463136,-0.044598162174224854,0.09060761332511902
DLD1,0.004712136557829492,-0.08391320705413818,0.18671315908432007
DLD2,0.2259239264776985,-0.003632485866546631,-0.04935407638549805
DLD3,0.5480918881037954,0.5689157843589783,0.46587127447128296
DNF3,0.0216440947717433,-0.0206453800201416,0.022604167461395264
DNM1,0.23499729000069425,-0.02971196174621582,0.011314064264297485
DOG1,-0.482498363083329,-0.07543575763702393,0.08693334460258484
DOG2,-0.7508332459741118,0.03095322847366333,-0.042601823806762695
DOT1,0.17304912426800326,0.08890596032142639,0.03941193222999573
DOT5,0.05629115020511539,-0.027142226696014404,0.004126638174057007
DPH5,0.08513349805170596,0.258311927318573,0.04807448387145996
DPL1,-0.2108424043914247,0.06546515226364136,-0.0349651575088501
DPM1,0.17961838462762733,0.16123181581497192,0.02597266435623169
DPP1,-0.039322646629703896,-0.03224450349807739,-0.16113966703414917
DPS1,0.197134048012934,0.08629545569419861,0.08631476759910583
DSD1,-0.13191581003416133,-0.025454998016357422,-0.36838239431381226
DSE4,0.029556658251364998,-0.035599350929260254,0.056444376707077026
DSF1,-1.492201849111349,-0.1293993592262268,-0.5696436166763306
DTD1,0.029152614811248506,0.08828005194664001,0.06507587432861328
DUG1,-0.03817104257828298,0.013180196285247803,-0.040920138359069824
DUG2,0.14710346623977086,0.07944899797439575,0.10921931266784668
DUG3,0.1679084221916069,-0.11913716793060303,-0.07853782176971436
"DUR1,2",0.09288641441728117,-0.028326690196990967,-0.046548664569854736
DUR3,-0.0673305895862493,0.020528346300125122,-0.0037760138511657715
DUT1,0.2490524120544929,0.008525997400283813,-0.03659313917160034
DYS1,-0.1538304917526966,-0.03486722707748413,0.04100409150123596
ECI1,0.03616907982391195,0.14289867877960205,0.10096666216850281
ECM31,0.14570344856440115,0.038127243518829346,0.04235798120498657
ECM38,-0.0175538147844911,-0.3314080834388733,-0.1567257046699524
ECM4,-1.1266647499874074,-0.0415186882019043,0.021762311458587646
ECT1,0.07788377550427547,0.0021014809608459473,0.014789730310440063
EKI1,0.21902265403814852,0.005177199840545654,0.14271020889282227
ELO1,0.11586291107956374,-0.23091673851013184,-0.1728290319442749
ELO2,0.003064214144982012,-0.008278131484985352,0.016545534133911133
ELO3,-0.10720452604909364,0.1542324423789978,0.1212519109249115
EMI2,-0.4848982401818066,-0.3216747045516968,-0.5096139907836914
ENO1,-1.3184319332119394,-0.986072301864624,-0.9690384864807129
ENO2,-0.7729380860082419,-0.8598651885986328,-0.5191822052001953
EPT1,-0.07100106406316216,-0.020744025707244873,0.19298720359802246
ERG1,-0.544070780593802,-0.09460538625717163,-0.4122356176376343
ERG10,-0.1305530566846669,-0.12249755859375,-0.12063348293304443
ERG11,-0.8180586492195576,-0.01457059383392334,-0.009809613227844238
ERG12,-0.0015816561445128547,0.09759131073951721,-0.12743616104125977
ERG13,-0.15694574134341996,-0.021834969520568848,-0.6701315641403198
ERG2,-0.3727791151434592,-0.01684051752090454,-0.13302069902420044
ERG20,-0.09202848015846207,0.12980931997299194,0.013768881559371948
ERG24,-0.4772092479529662,0.006063133478164673,0.054268211126327515
ERG25,-0.7909636106690197,-0.6278520822525024,-0.9869908094406128
ERG26,-0.3416442920664593,0.023329704999923706,-0.13417506217956543
ERG27,-0.07764624761516653,-0.12998265027999878,-0.4641876816749573
ERG3,-0.5848055642381981,-0.08492738008499146,-0.522493839263916
ERG4,-0.058880594011661826,0.008090317249298096,-0.023504197597503662
ERG5,-0.640000349556989,-0.377400279045105,-0.26453328132629395
ERG6,-0.4641182540983987,-0.20316946506500244,-0.15558767318725586
ERG7,0.03292207805721191,0.18514779210090637,0.23850196599960327
ERG8,-0.05686006645964424,-0.09926146268844604,-0.0746116042137146
ERG9,-0.2829854900944699,-0.004414737224578857,-0.1252238154411316
ERI1,-0.11845013122971022,0.02005794644355774,-0.01191025972366333
ERS1,-0.0486072987278943,0.06558617949485779,-0.24057036638259888
ETR1,0.01836029933488101,0.0022674202919006348,0.03715077042579651
EXG1,-0.0500540885802575,-0.12549465894699097,-0.21169084310531616
EXG2,-0.14476287536793414,0.04506155848503113,-0.01450192928314209
FAA1,-0.15079205815881014,0.282833456993103,0.2429480254650116
FAA2,0.04087621031452598,-0.09369468688964844,-0.5331765413284302
FAA3,0.473361528098132,0.15509429574012756,0.024351924657821655
FAA4,-0.055930798088144315,0.10007241368293762,0.07454052567481995
FAB1,0.185655506260958,-0.004097104072570801,0.06493246555328369
FAD1,0.1517206068001707,-0.10135525465011597,0.03364577889442444
FAP7,0.155056637663762,0.14120939373970032,0.03870350122451782
FAS1,-0.022025609093336555,0.142076313495636,-0.19417238235473633
FAS2,-0.0946293256941881,0.01999923586845398,0.1844448745250702
FAT1,-0.15274557708916492,0.06857210397720337,-0.10705167055130005
FAU1,0.03083994938570268,-0.020113766193389893,-0.03601837158203125
FBA1,-0.7235230325078329,-0.6351512670516968,-0.4456526041030884
FBP1,2.3789630574424243,1.1179392337799072,1.890811562538147
FBP26,-0.08559610047611732,0.14331287145614624,-0.047010838985443115
FCY1,0.4818997691557856,0.08383333683013916,-0.01567453145980835
FCY2,0.400068379945155,0.06078839302062988,0.362183153629303
FCY21,0.026382514772055214,0.07517924904823303,0.04255738854408264
FDC1,0.0846682459088202,-0.10007333755493164,-0.046694159507751465
FDH1,-2.1719285396211583,-0.10010558366775513,-0.38548898696899414
FEN2,0.5379959920654499,0.09536093473434448,0.27158859372138977
FET3,0.17112486422091175,0.07079863548278809,0.08566424250602722
FET4,0.0027956773600653897,-0.22311025857925415,0.009112417697906494
FIG4,-0.08103524039302389,0.041110873222351074,0.04454076290130615
FKS1,0.033355550056603185,0.11586698889732361,0.08176326751708984
FLX1,0.2689218057062545,0.0992148220539093,0.022601783275604248
FMN1,-0.07798475153533416,-0.005514025688171387,0.02350565791130066
FMS1,0.12144043146880334,-0.21487724781036377,0.10939142107963562
FMT1,0.08015059974983106,0.06259274482727051,0.067984938621521
FOL1,0.13679509873626233,0.14691969752311707,0.1454867422580719
FOL2,-0.0383260953183573,0.08874881267547607,0.0587499737739563
FOL3,-0.0988863330334014,0.0763765275478363,0.0020276308059692383
FOX2,0.020535484148951608,-0.10719627141952515,-0.20237481594085693
FPS1,-0.03109000062429504,-0.17712444067001343,-0.48692643642425537
FRD1,0.33848628246006673,0.09524086117744446,0.0904773473739624
FRE1,0.6184366135922743,0.18037745356559753,0.13687700033187866
FRE5,-0.0033724815771859896,0.055065661668777466,0.042309463024139404
FRE6,0.10741781148549598,0.07275304198265076,0.009987026453018188
FRE7,0.2299984241229763,-0.02313131093978882,-0.02106451988220215
FRQ1,0.14517619670926787,0.09022000432014465,0.033801764249801636
FRS1,0.06316475182760807,0.12284347414970398,0.13700807094573975
FRS2,0.14309042227705376,-0.13597851991653442,-0.5341613292694092
FUI1,0.33706188034551826,0.11960777640342712,0.36751192808151245
FUM1,0.7968738231566957,0.3103237748146057,0.5658019185066223
FUN12,0.09930102683669784,0.10759595036506653,0.10138612985610962
FUN26,0.1288056798303669,-0.0073860883712768555,0.016041576862335205
FUR1,0.2142872182415731,-0.04318779706954956,0.08943164348602295
FUR4,0.0730807697730518,0.16069096326828003,0.0899127721786499
GAD1,-0.9889904518061924,-0.0317234992980957,-0.050769925117492676
GAL3,0.5002866118940255,0.9519214630126953,0.3020641505718231
GAP1,-0.5310003810404235,-0.14524757862091064,0.003148674964904785
GCV1,0.6312099054891088,0.12268468737602234,0.03597107529640198
GCV2,0.4619678261889072,0.259122371673584,0.337293416261673
GCV3,0.5329129986298595,0.01915845274925232,0.07397541403770447
GCY1,-1.156509422969017,-0.34229063987731934,-0.4051198959350586
GDA1,0.04196602362433115,0.08014065027236938,0.11318275332450867
GDB1,-0.489885191770183,0.022725701332092285,0.014009058475494385
GDH1,-0.1238380556027095,0.7313779592514038,0.17119666934013367
GDH2,0.3981680218544904,0.3739459216594696,0.45498162508010864
GDH3,0.18729883632544864,0.16290482878684998,0.17322087287902832
GEF1,-0.08366831302318467,-0.05084353685379028,0.027460366487503052
GEP4,0.2101287149265207,0.0937764048576355,0.06797194480895996
GET3,-0.020915189864931308,-0.19310975074768066,0.060475826263427734
GFA1,0.0029206131843289144,-0.01319056749343872,0.023702770471572876
GGC1,0.34071412187145883,0.04633188247680664,-0.020993173122406006
GLG1,-0.10482422321194622,-0.043998003005981445,-0.019626200199127197
GLG2,0.09938478301178097,0.07523152232170105,0.00618058443069458
GLK1,-0.6617263702896171,-0.574824333190918,-0.6423850059509277
GLN1,0.2274332807352784,0.3092570900917053,0.3091706335544586
GLN4,-0.08178296476347549,0.07389995455741882,0.12391495704650879
GLO1,-0.663725044147943,0.059929490089416504,-0.04460787773132324
GLO2,0.11884338583894248,0.06130737066268921,0.01301833987236023
GLO4,0.08447051180258207,0.09891003370285034,0.08424767851829529
GLR1,0.09329825662649524,0.07547050714492798,0.06475052237510681
GLT1,0.1886153433066037,0.1630096733570099,0.3337264060974121
GLY1,0.3770159309088676,0.49850067496299744,0.21888914704322815
GNA1,0.2439808647148936,0.082683265209198,0.04607674479484558
GND1,-1.2181336119688684,-0.44936054944992065,-0.3900038003921509
GND2,-1.3527032976369655,-0.21474230289459229,-0.7493317127227783
GNP1,-0.8009336080676074,-0.2856054902076721,-0.32408738136291504
GOR1,-0.8522435093645784,-0.16241836547851562,-1.0191229581832886
GPD1,-0.07462970969813568,-0.3647512197494507,0.02073875069618225
GPD2,-0.17851552538570087,-0.16922599077224731,-0.13768750429153442
GPH1,-1.2436810358504635,-0.3471980690956116,-0.5184935331344604
GPI1,0.14968778373754332,0.12593266367912292,0.08030658960342407
GPI10,0.1790533759604752,0.015031814575195312,0.03524044156074524
GPI11,-0.09556560812116832,-0.0006113052368164062,0.04565426707267761
GPI12,-0.2964836972773738,0.14496007561683655,0.08285927772521973
GPI13,0.2402780283518956,-0.10148119926452637,0.06128433346748352
GPI14,0.04978567848823933,0.33174124360084534,0.3001386225223541
GPI15,0.29818067794758263,0.0039494335651397705,-0.027670085430145264
GPI19,0.32785195974988235,0.03710260987281799,0.0746724009513855
GPI2,-0.11208381082092088,-0.003866910934448242,-0.038165390491485596
GPM1,-1.2443058917639418,-0.5001711845397949,-0.5236157178878784
GPP1,0.32388715856916145,-0.3228241205215454,-0.30793094635009766
GPP2,-0.6514805938591994,-0.35686975717544556,-0.43914884328842163
GPT2,-0.12134559924251614,0.0006445944309234619,-0.031741321086883545
GPX1,-0.77890857848832,-0.09620589017868042,-0.06308245658874512
GRE2,-0.4244165944088571,-0.012601852416992188,0.050375550985336304
GRE3,-0.2452872672675643,-0.015134632587432861,0.09717094898223877
GRS1,0.02056353594435561,0.042522966861724854,0.08377879858016968
GRS2,0.08864000450160266,-0.029833734035491943,0.06571599841117859
GRX1,-0.19217667039758626,0.12392646074295044,0.13598933815956116
GRX2,-0.507733906002519,0.060861021280288696,0.06963351368904114
GRX3,0.4102208971239213,0.3160308599472046,0.3357905149459839
GRX5,-0.007269455727768943,-0.05935627222061157,-0.0741155743598938
GSC2,0.3019013529586344,-0.12042522430419922,0.026154756546020508
GSH1,0.16747772248015835,0.025362491607666016,0.09660845994949341
GSH2,0.06412743782070411,-0.018188536167144775,0.043770432472229004
GSY1,-0.4627478448866863,-0.03328824043273926,-0.047603487968444824
GSY2,-0.3560334279099145,-0.19671845436096191,0.08292827010154724
GTO1,-0.3720864037794149,0.08194059133529663,0.07695931196212769
GTT1,-0.9931973343762779,-0.07138150930404663,-0.025994300842285156
GTT2,-0.17414995867403238,-0.13502532243728638,0.05811101198196411
GUA1,0.2557966771632074,0.44050297141075134,0.14444109797477722
GUD1,-0.1297793044589759,-0.03434556722640991,-0.07496559619903564
GUK1,0.056539302107337375,-0.03047025203704834,-0.05259186029434204
GUP1,0.1346447236074636,0.038585156202316284,0.04286247491836548
GUS1,-0.0531387490555034,0.007661610841751099,0.028964072465896606
GUT1,-0.11001817815426652,0.07519456744194031,0.08783814311027527
GUT2,-0.09047451134733868,-0.09902924299240112,-0.14848417043685913
GWT1,0.20698746204131255,0.05887115001678467,0.1031988263130188
HAM1,0.060752685761166624,-0.045282721519470215,-0.03678029775619507
HEM1,0.038557927265156576,-0.38834893703460693,-0.37525713443756104
HEM12,-0.12306893710728282,-0.5706541538238525,-0.3658488988876343
HEM13,0.27850651427138,-0.24631744623184204,-0.019216477870941162
HEM14,-0.18411820424997727,-0.02860051393508911,0.04664874076843262
HEM15,0.03579428895435373,0.10049688816070557,0.04346191883087158
HEM2,0.09678859428956477,0.02063766121864319,-0.11634135246276855
HEM3,0.1706292717045224,-0.3787228465080261,-0.26575326919555664
HEM4,0.21301098750695674,0.013516068458557129,0.03684470057487488
HER2,0.09478649645610804,0.07126998901367188,0.05497473478317261
HFA1,0.1199290967448832,0.055611759424209595,0.08074033260345459
HFD1,-0.05644981286320384,-0.10703259706497192,0.02165323495864868
HIP1,0.3423240467633747,0.038570791482925415,0.10382130742073059
HIS1,-0.2325787165208043,0.2683941423892975,0.17516794800758362
HIS2,0.19576727341717232,0.035113900899887085,0.12492075562477112
HIS3,0.2378755049529833,0.07223328948020935,0.05742228031158447
HIS4,-0.019732136932080358,0.287253737449646,0.015572845935821533
HIS5,0.07746253381612585,-0.21728962659835815,0.11182135343551636
HIS6,0.3744818861965072,0.09712556004524231,0.2081928551197052
HIS7,0.0915898254950023,0.03432300686836243,-0.0482640266418457
HMG1,-0.38265012286498346,-0.7583500146865845,-0.44132375717163086
HMG2,-0.0474843465775408,-0.0755649209022522,-0.011724233627319336
HMT1,0.12465730505689958,0.04403388500213623,0.014629751443862915
HNM1,0.1911171051419165,0.08870786428451538,0.098997563123703
HNT2,-0.013558364562899015,0.01868283748626709,0.002925962209701538
HOM2,-0.06820498129612841,0.03173190355300903,0.029888391494750977
HOM3,0.08271356301433913,0.3873254656791687,0.23689988255500793
HOM6,0.13052189060366276,0.028035104274749756,-0.06000465154647827
HPA3,0.2048094254326201,0.14177206158638,0.10705968737602234
HPT1,0.12385510662831872,0.08892086148262024,0.12893638014793396
HSP31,-0.14056661250102045,0.1829650104045868,0.019519835710525513
HST1,0.13571674944382686,-0.08098232746124268,-0.04827052354812622
HST2,-0.09184843087629106,-0.20150065422058105,-0.2050909399986267
HST3,0.14942829087468726,0.07542917132377625,0.12615135312080383
HST4,0.17477819203469225,0.04059946537017822,0.10554885864257812
HTD2,0.196301244765453,0.19277489185333252,0.13981744647026062
HTS1,0.1785449502477708,0.08536690473556519,0.06096428632736206
HUT1,0.08452464277426085,-0.0106736421585083,0.044168680906295776
HXK1,-1.8196435664100048,-1.114060878753662,-0.5988092422485352
HXK2,-0.28347052936462386,-0.3706778883934021,-0.4610555171966553
HXT1,-0.4340351909343881,-0.019189894199371338,-0.5155141353607178
HXT10,-1.659590890452519,-0.016777873039245605,-0.03812599182128906
HXT13,-0.5645022229668568,-0.349789559841156,-0.7048466205596924
HXT2,-1.267933664840294,-0.6954348087310791,-1.4346191883087158
HXT3,-0.6485219042881307,-0.1058233380317688,-0.24196922779083252
HXT4,-1.8492755282116733,-0.28195488452911377,-0.5839831829071045
HXT5,0.39755508249986105,1.449064016342163,1.1226614713668823
HXT6,-0.9123597220307156,-0.8259143829345703,-1.332808256149292
HXT7,-1.8437497444137696,-0.7607014179229736,-1.322502851486206
HYR1,-0.13737217019867076,0.02503874897956848,0.05078527331352234
IAH1,-0.024219889633736183,0.018263041973114014,-0.11910414695739746
ICL1,2.2015200896243288,1.7023262977600098,1.8669825792312622
ICL2,0.2527712025517328,0.3587403893470764,0.2457161843776703
ICT1,0.004629160769449337,-0.504590630531311,-0.45034193992614746
IDH1,0.4644845416988049,0.19935211539268494,0.11872813105583191
IDH2,0.09581220924854973,0.5838016271591187,0.5358760356903076
IDI1,0.03989335070759889,0.027507424354553223,0.02223902940750122
IDP1,0.2756087981860864,0.5029664039611816,0.5230981111526489
IDP2,0.8928899359995132,1.0001659393310547,0.9838200211524963
IDP3,-0.18837840589507093,0.10037365555763245,-0.011822283267974854
IFA38,0.033390387975976314,0.012059599161148071,-0.03593975305557251
ILS1,0.05971441675964264,0.06377580761909485,0.03597801923751831
ILV1,-0.04733722341648069,-0.017541050910949707,0.014537632465362549
ILV2,0.2290825826674563,-0.22286725044250488,0.006073117256164551
ILV3,0.12385746661778395,0.09952947497367859,0.1714957356452942
ILV5,-0.0444374064800713,0.22766229510307312,-0.09831100702285767
ILV6,0.03221611899609393,0.1052718460559845,0.07311967015266418
IMA1,-1.7652202391693952,-0.03392684459686279,-0.3915579319000244
IMA5,-1.3690476310202442,-0.2631918787956238,-0.37885451316833496
IMD2,0.3431095582134618,0.027709871530532837,-0.00016814470291137695
IMD3,0.11284121914503335,0.0005220174789428711,0.05917811393737793
IMD4,-0.05279505058611219,0.0807059109210968,0.012179642915725708
INM1,0.1357754656496468,0.1212189793586731,0.07022297382354736
INM2,-0.04106751206993205,0.07983225584030151,0.10670554637908936
INO1,1.7084182350158212,0.24366259574890137,0.40436410903930664
INP51,0.2731808335349092,0.13547879457473755,-0.02492070198059082
INP52,0.11063772699256393,0.01954910159111023,-0.00267869234085083
INP53,-0.1149088164010182,-0.006733894348144531,0.03749629855155945
INP54,0.07091007709289979,-0.1850569248199463,-0.02136784791946411
IPK1,0.1328540598741576,0.2626577317714691,0.04459661245346069
IPP1,0.17357617990577362,0.011227518320083618,0.11039429903030396
IPT1,-0.32830783146682474,-0.615472674369812,-0.11194205284118652
IRC24,-0.10574799488645348,0.005164086818695068,0.02124124765396118
IRC7,-0.031520909709009864,-0.2299554944038391,-0.05122482776641846
ISC1,0.09665257681302453,0.012698650360107422,0.06283026933670044
ISM1,0.019017034396567427,0.07676595449447632,0.05915212631225586
ISN1,-0.1463116447148473,0.011818498373031616,-0.009785950183868408
ISU1,0.2492549357833528,0.04902958869934082,0.30202338099479675
ISU2,-0.054904170575976456,-0.05629444122314453,0.1143181324005127
ITR1,-0.04063046861258993,-0.028522253036499023,0.0674731433391571
ITR2,0.1230049548354272,6.046891212463379e-05,-0.008239567279815674
JEN1,-0.5194797272805571,0.6903991103172302,0.43306055665016174
KCS1,-0.017480828727519476,-0.02176111936569214,0.03648507595062256
KEI1,-0.09241959083826667,0.09570372104644775,0.1628386378288269
KGD1,0.7218487353663793,0.2617356777191162,0.2042497992515564
KGD2,0.5027575489313301,0.05483287572860718,-0.09209895133972168
KRE2,-0.017982483671996664,-0.016313135623931885,0.05234479904174805
KRE6,0.10348238095554724,0.2557607889175415,0.22547265887260437
KTR1,-0.14969667177471688,0.044992685317993164,0.09639444947242737
KTR2,-0.003815587015370275,0.1920800805091858,-0.039465248584747314
KTR3,0.1790686959416555,0.06959021091461182,0.05575248599052429
KTR4,-0.10386238114014147,0.10563656687736511,-0.0033855438232421875
KTR5,0.3019841518029231,0.01718541979789734,0.028638571500778198
KTR6,0.13940138435966787,0.14115089178085327,0.103313148021698
LAC1,0.005105935088250985,0.11466500163078308,0.12989398837089539
LAG1,0.03416720041983353,0.08648204803466797,0.03225463628768921
LAP2,0.024262656144948568,-0.03343343734741211,0.032071322202682495
LAT1,-0.01615917909717676,0.22615090012550354,0.22290796041488647
LCB1,-0.052771240575501886,0.09513723850250244,-0.04423081874847412
LCB2,-0.058841943922327736,-0.039774417877197266,0.010340303182601929
LCB3,0.1511840819769212,0.058536380529403687,0.11198589205741882
LCB4,0.34410354723719666,0.18496528267860413,0.14461937546730042
LCB5,-0.07538911576118942,-0.006406962871551514,0.03175121545791626
LDH1,-0.054068352288399166,0.00945580005645752,-0.009752035140991211
LEU1,0.10263551381275199,-0.11365747451782227,-0.1819213628768921
LEU4,0.34020698499469304,0.6295064687728882,0.6959636807441711
LEU5,0.05113577227189888,0.16560232639312744,0.08948776125907898
LEU9,0.033215721381506844,0.07828286290168762,0.056063830852508545
LIP1,0.1541023187137994,0.11988487839698792,0.1550646722316742
LIP2,0.1638028121455168,0.020200669765472412,-0.0036266446113586426
LIP5,0.4467781674581058,-0.028594374656677246,0.0672120749950409
LOA1,0.19137273995325,0.15046581625938416,0.0723770260810852
LOT6,0.17422912311123478,0.10906833410263062,0.08562511205673218
LPD1,0.4256325072699942,0.34632018208503723,0.6387602090835571
LPP1,0.09257329011677028,0.03882330656051636,0.09971657395362854
LRO1,-0.08032165472685784,0.07497847080230713,0.11206129193305969
LSB6,0.25425269551205554,0.0730682909488678,-0.020236670970916748
LSC1,0.11060206199573104,0.04568412899971008,-0.09623837471008301
LSC2,0.30177764627883363,-0.08553308248519897,-0.34339678287506104
LYP1,0.10726117841731027,-0.08656954765319824,0.0042133331298828125
LYS1,0.1308820843985108,0.02323514223098755,0.05816173553466797
LYS12,0.16922207287217444,0.10357096791267395,0.018703341484069824
LYS2,0.10371216403785297,0.17914891242980957,0.16882723569869995
LYS20,0.19214315327597825,0.2185937464237213,0.3065528869628906
LYS21,0.2091399351472416,0.18813475966453552,0.39869117736816406
LYS4,0.4106757517746297,-0.015775680541992188,0.18870055675506592
LYS5,0.0115821286794354,0.19308945536613464,0.09225904941558838
LYS9,0.025559225479703296,-0.07432466745376587,0.1082734763622284
MAE1,0.5688285698474999,0.007500946521759033,-0.18444883823394775
MAL11,-1.8338173059335945,-0.09826290607452393,-0.4595843553543091
MAL12,-2.1048404585153837,-0.04792970418930054,-0.4675453305244446
MAP1,-0.25618072071892634,-0.0133284330368042,0.12043371796607971
MAP2,0.022416952567386086,0.04300299286842346,0.08930018544197083
MCD4,-0.14248338998542975,0.058843761682510376,0.10118323564529419
MCO14,0.06318448300648488,0.0006183981895446777,0.022583454847335815
MCR1,-0.10318015507013767,-0.4995327591896057,-0.5003460645675659
MCT1,-0.3359191367613158,-0.023880481719970703,-0.035376131534576416
MCY1,0.18838339856091432,0.030446767807006836,0.06952086091041565
MDE1,0.27567309009715835,0.0886792242527008,0.08682945370674133
MDH1,0.10733689842250543,0.03797081112861633,-0.01994568109512329
MDH2,2.1410145265637746,1.488590121269226,2.025268077850342
MDH3,0.06068391200540243,0.06782862544059753,0.060805052518844604
MEP1,-0.04283715588745135,0.24380552768707275,-0.037801146507263184
MEP2,-0.17456319641627846,0.32488152384757996,0.10373631119728088
MEP3,0.5606173331028373,0.11599117517471313,0.05052575469017029
MES1,-0.010132835579328123,0.09182748198509216,0.02809053659439087
MET1,0.0074165525468975705,0.059314608573913574,0.037450551986694336
MET10,0.19584375105862764,0.07440835237503052,0.09663122892379761
MET12,0.1507157753829554,0.09846511483192444,-0.014326691627502441
MET13,0.12829206688689107,0.08072161674499512,0.2201569676399231
MET14,0.2395382345841792,-0.17984575033187866,0.21788477897644043
MET16,0.0517158410754623,0.03067716956138611,0.0192815363407135
MET17,0.23334375285236164,0.031033724546432495,0.11982500553131104
MET2,0.3570972105082023,-0.517154335975647,-0.09592658281326294
MET22,-0.17906158392808966,0.07783496379852295,0.13797137141227722
MET3,0.3081663645075575,-0.17900371551513672,0.009628057479858398
MET5,0.1566890082395794,-0.05438750982284546,0.1395103633403778
MET6,0.05933818971375353,-0.0008333325386047363,0.3865639567375183
MET7,0.06805443850854505,0.04196220636367798,0.05168113112449646
MET8,0.3089764084513745,0.003917872905731201,0.017316758632659912
MEU1,0.3448670211347288,-0.0285797119140625,0.02468639612197876
MFM1,-0.01871983673898269,0.05484592914581299,0.2020328938961029
MGL2,0.05715272971253557,0.1119680404663086,-0.14159661531448364
MHT1,0.17944384849562475,-0.02423042058944702,-0.061081528663635254
MIR1,0.347077314707859,0.09538796544075012,0.19368603825569153
MIS1,0.19719342861771813,0.0982489287853241,-0.02872687578201294
MLS1,2.0021108438713107,1.5938323736190796,2.3091325759887695
MMP1,0.3206133616553709,-0.06350117921829224,-0.06110334396362305
MNL2,0.08316624917193675,-0.05273711681365967,-0.02468818426132202
MNS1,0.29337983174411103,-0.017259597778320312,0.028170645236968994
MPC1,0.0038028316956517844,-0.02587258815765381,0.008721143007278442
MPC2,0.2087922684496613,0.32484960556030273,0.3996035158634186
MPC3,0.3218726928127422,0.5971024632453918,0.4941234290599823
MPH2,0.29234618034726634,0.48021140694618225,0.21686449646949768
MRI1,-0.15289939252887222,-0.07747542858123779,-0.1132933497428894
MRS2,-0.06023652145734651,-0.0022641420364379883,0.03654932975769043
MSD1,0.09396672378357646,-0.19529181718826294,-0.05895727872848511
MSE1,-0.18955318620565928,0.06551092863082886,-0.07003527879714966
MSF1,0.1202168352764198,0.053407877683639526,-0.06491518020629883
MSK1,-0.05470375752276566,0.04532963037490845,0.009140223264694214
MSM1,-0.007092832777979067,-0.08365529775619507,0.019757181406021118
MSR1,0.017934716553331644,0.2217995822429657,0.10296157002449036
MSS4,0.009674744883450924,-0.010069727897644043,0.15097880363464355
MST1,-0.1168940428904424,-0.04813492298126221,0.06451749801635742
MSW1,0.15189713278607336,-0.10482680797576904,0.055249035358428955
MSY1,-0.1213806398816646,0.1782001554965973,0.15858715772628784
MTD1,0.24683480325762594,0.04553866386413574,0.05512639880180359
MUP1,-0.16365462461158226,0.05342349410057068,-0.025139451026916504
MUP3,-0.3426095600228466,0.09428688883781433,0.08456963300704956
MVD1,0.06478101478309142,-0.02133876085281372,0.005311131477355957
MXR1,0.06919732704442552,0.05327090620994568,0.07727602124214172
NAM2,-0.22327616228345126,0.009308397769927979,0.03258776664733887
NAT1,0.04027828967179711,0.09635496139526367,0.09953200817108154
NAT2,0.15768157690837908,0.01424938440322876,0.022668123245239258
NCE103,-0.19720254561299547,0.5424870252609253,0.3318712115287781
NCP1,-0.1493616695442535,-0.1479089856147766,-0.18690848350524902
NDE1,0.08028121350486385,0.7257168292999268,0.4318088889122009
NDE2,0.4288151582627479,0.3183070421218872,0.5806653499603271
NDI1,0.36589591780524106,0.14819785952568054,0.08983585238456726
NFS1,0.08743716029265224,-0.007345378398895264,-0.0046939849853515625
NHA1,-0.12546741805643466,0.003397703170776367,-0.03975123167037964
NHX1,-0.0055500702045873105,-0.05133455991744995,-0.061831891536712646
NIT3,-0.00045215876793358866,-0.20590150356292725,-0.21228337287902832
NMA1,-0.1961407046459691,-0.2953972816467285,-0.6752654314041138
NMA2,0.2986025253692885,-0.04950559139251709,-0.06268835067749023
NNT1,0.15041771592854958,0.07455414533615112,0.0543154776096344
NPT1,0.11462554252294502,-0.027455270290374756,-0.0860397219657898
NPY1,-0.011838873844119264,0.04775351285934448,-0.013023674488067627
NQM1,-0.3028425544860901,-0.21345824003219604,-0.12628966569900513
NRK1,0.09245192238293172,0.07910707592964172,-0.05117851495742798
NRT1,0.2162751482670204,0.12220588326454163,0.14598074555397034
NTE1,0.10502184832866396,0.04170837998390198,0.013450562953948975
NTH1,-0.3855472373968574,0.03678491711616516,-0.10703098773956299
NTH2,-0.006585570886443037,-0.9053446054458618,-0.09869587421417236
OAC1,-0.4223955890030704,-0.0725092887878418,-0.3891456723213196
OAR1,-0.11165020047495623,0.04428628087043762,0.04760664701461792
OCH1,0.12634398249142714,-0.04009389877319336,0.04692855477333069
ODC1,0.7985001249366371,0.36649855971336365,0.4658738076686859
ODC2,0.654275781965163,0.06252610683441162,0.1029694676399231
OLE1,-0.02460404841130377,0.32972240447998047,0.012055933475494385
OPI3,0.22401557403352695,-0.1703552007675171,0.0651681125164032
OPT1,-0.265115574583696,-1.007284164428711,-0.17585259675979614
ORT1,-0.10750050982586846,0.04679170250892639,0.008069425821304321
OSM1,0.050582156441131836,0.08795300126075745,0.0005870163440704346
OXP1,0.020092147563491786,-0.058319091796875,-0.12910676002502441
PAA1,0.07302340738160584,0.009694397449493408,0.024717897176742554
PAH1,0.08473550728079962,0.03709325194358826,0.09737104177474976
PAN5,0.025423894262983485,-0.31097590923309326,-0.17765319347381592
PAN6,0.3163555443433838,0.15546807646751404,0.12264251708984375
PBN1,-0.04642810642339941,-0.08338093757629395,-0.053580641746520996
PCA1,0.28513774966421424,-0.2816861867904663,-0.02611321210861206
PCD1,-0.03330600155269086,-0.0451505184173584,-0.10457611083984375
PCK1,3.0496483681190623,1.2067935466766357,2.0819950103759766
PCM1,0.029722711419912264,-0.14064466953277588,-0.06486958265304565
PCS60,0.009197672200477527,0.07577189803123474,0.19088336825370789
PCT1,0.038070323566228095,0.10850486159324646,0.08487921953201294
PDA1,-0.1588504654237376,-0.03534543514251709,0.10981586575508118
PDB1,-0.006788712253312642,0.09518873691558838,0.03931567072868347
PDC1,-0.8355372002683233,-0.4608801603317261,-0.7077282667160034
PDC5,-0.25812811103410904,-0.03875488042831421,-0.051691651344299316
PDC6,-0.1929247451798766,-0.5265824794769287,-0.3944750428199768
PDE1,0.023631798047906563,-0.041709303855895996,0.08255389332771301
PDE2,-0.1413565489893208,0.187261700630188,-0.04535013437271118
PDH1,1.2200389267800005,0.4211233854293823,0.5658434629440308
PDR11,0.13870383712569462,-0.39849644899368286,-0.3001024127006531
PDX1,0.02261794562592008,0.16439750790596008,0.08985716104507446
PDX3,0.12233423179448412,0.0357588529586792,-0.032179296016693115
PET112,0.1985111806393092,0.07104408740997314,0.09659013152122498
PET8,0.038236916221880905,0.05598181486129761,0.041300952434539795
PET9,0.1999455296681651,-0.06618893146514893,0.14754977822303772
PFK1,-0.09662061326383566,-0.1718580722808838,-0.08529001474380493
PFK2,-0.2896382268290414,-0.44861024618148804,-0.37013059854507446
PFK26,-0.5439704185623158,0.0451393723487854,0.08518797159194946
PFK27,-0.7294934122398621,-0.9812783002853394,-0.49156832695007324
PGA3,-0.1721574236019234,0.0005241334438323975,-0.053919851779937744
PGC1,0.20903559632350255,0.10206499695777893,0.07874172925949097
PGI1,-0.6213456347084954,-0.581017017364502,-0.21725165843963623
PGK1,-0.8647848082614018,-0.6595568656921387,-0.8957043886184692
PGM1,0.24009961524131185,0.0945310890674591,0.04013913869857788
PGM2,-0.761579769441563,0.06839025020599365,0.06291407346725464
PGS1,0.11648290834709987,0.039685457944869995,-0.0564885139465332
PHA2,0.0007792301430080907,-0.11095702648162842,0.04107159376144409
PHM8,-0.6864179479084692,-0.08556413650512695,-0.1829891800880432
PHO11,0.16686132854925673,0.15081796050071716,0.10893252491950989
PHO13,0.0439797966649941,0.14327728748321533,-0.06663590669631958
PHO8,0.12621749868931673,0.1158689558506012,0.16516965627670288
PHO84,0.18925171423526904,0.03592070937156677,0.05073562264442444
PHO87,0.19470579874940136,0.09021419286727905,-0.011379122734069824
PHO89,1.1671290760012558,0.4378160834312439,0.5109087824821472
PHO90,-0.2971519432287488,-0.18458843231201172,-0.1673794984817505
PHO91,0.008641665185208734,-0.30071234703063965,-0.11915600299835205
PHS1,0.1566412689781523,0.040596187114715576,0.031033754348754883
PIC2,-1.1843279755795824,-0.2288142442703247,-0.06997346878051758
PIK1,0.2240426109355983,-0.08990496397018433,0.022135287523269653
PIS1,-0.08647328769015522,0.040159523487091064,-0.053668439388275146
PLB1,-0.12340676486883495,-0.6904813051223755,-0.8160381317138672
PLB2,-0.6351273334196482,-0.2593587636947632,-0.20389246940612793
PLB3,0.21450938799770305,-0.05717456340789795,0.04635345935821533
PLC1,0.30618591052518085,0.1228216290473938,0.08745810389518738
PMA1,0.0062565439943419576,-0.31057918071746826,-0.04657888412475586
PMA2,-0.659666154496106,-0.638032078742981,-0.7791152000427246
PMC1,-0.043821481350098467,-0.18478333950042725,-0.17492622137069702
PMI40,-0.050292726704120036,-0.11225521564483643,-0.086306631565094
PMP1,0.062015466858128386,-0.11151564121246338,-0.08167481422424316
PMP2,-0.08198722322388499,-0.6636359691619873,-0.12282055616378784
PMR1,-0.09330096763207893,-0.14022201299667358,-0.12861645221710205
PMT1,-0.05756803133275615,0.048579007387161255,0.14799809455871582
PMT2,-0.22875519797709604,0.08595418930053711,0.046776652336120605
PMT3,-0.12180188634043733,0.03082185983657837,-0.011927425861358643
PMT4,-0.10320520572297176,0.012838959693908691,0.0250207781791687
PMT5,0.18204287978229186,-0.07573020458221436,-0.3502950668334961
PNC1,-1.0485871230232815,-0.08788168430328369,-0.11011594533920288
PNP1,0.10680075200240473,-0.07452791929244995,-0.12018841505050659
PNS1,-0.4428031171215036,-0.4777812957763672,-0.48880326747894287
POA1,0.003264634274893063,0.022649258375167847,0.06277567148208618
POF1,0.3104153447755566,-0.008202552795410156,0.11329072713851929
POS5,0.013764753823473364,0.0033499300479888916,-0.03713333606719971
POT1,0.08240477223661027,-0.030235350131988525,0.007750064134597778
POX1,0.07472740525067174,0.09000438451766968,-0.0068089962005615234
PPN1,0.14377046701674706,0.03916093707084656,-0.13414448499679565
PPT2,0.2599322888609506,-0.09198719263076782,-0.24323880672454834
PPX1,0.28702225856479346,-0.05757474899291992,-0.09059542417526245
PRM15,-0.008951422792334992,0.06363019347190857,0.058474987745285034
PRO1,0.1956133161281968,0.05289745330810547,0.009146571159362793
PRO2,0.08878560136489966,-0.10644042491912842,-0.14052385091781616
PRO3,0.10866747084529298,0.1551198661327362,0.15251830220222473
PRS1,0.22280696258574548,0.2790023982524872,0.011089354753494263
PRS2,0.1271229511535196,0.2283291220664978,-0.024451375007629395
PRS3,0.3948630072947788,0.035684823989868164,-0.046171724796295166
PRS4,0.38576998473920826,0.15314173698425293,0.1693563461303711
PRS5,0.12976186177669058,-0.08284509181976318,-0.1858547329902649
PRX1,0.019137678532335247,-0.20918428897857666,-0.2526776194572449
PSA1,0.1205512573692363,-0.2023383378982544,-0.07704651355743408
PSD1,0.4598725421009759,0.04661154747009277,0.04514077305793762
PSD2,0.16430741953012282,0.2111566960811615,0.10724297165870667
PUS1,-0.057405409927944975,0.04660123586654663,0.002676337957382202
PUS2,0.15378201286765264,0.14626047015190125,0.1451396346092224
PUS4,0.3166583020876331,0.11639076471328735,-0.027045845985412598
PUT1,-0.18604259247057603,-0.13143670558929443,-0.05837595462799072
PUT2,-0.04070673563039602,0.07834041118621826,0.05721902847290039
PUT4,0.3141344772194393,0.48353537917137146,0.7725527286529541
PXA1,-0.12609227158362066,0.1105649471282959,-0.020491600036621094
PXA2,-0.19701631347835047,0.0013822615146636963,0.012719005346298218
PYC1,0.2377787931042259,1.2465769052505493,0.5454297065734863
PYC2,-0.05606025037845065,0.07444238662719727,-0.004773855209350586
PYK2,0.11152327039957724,-0.05826270580291748,0.01972702145576477
QCR10,0.06328689495178816,0.0990447998046875,0.07686486840248108
QCR2,0.4095412111070656,0.1943635642528534,0.10053974390029907
QCR6,0.31150871526408985,0.08223628997802734,-0.05813056230545044
QCR7,0.3935411502941736,-0.28484654426574707,-0.4251623749732971
QCR9,0.21409372123768625,0.1079455316066742,0.13209712505340576
QNS1,0.10237887290351312,0.08309784531593323,0.15204688906669617
QRI1,0.18374474277342887,0.01883801817893982,0.09260034561157227
RAM1,0.163993611780749,-0.09872406721115112,-0.013511955738067627
RAM2,0.19409395997449624,-0.0004229545593261719,0.07674795389175415
RBK1,0.1384537914928602,0.10746985673904419,-0.05019253492355347
RDL1,-0.2126863007981356,0.02427375316619873,0.07967343926429749
RDL2,-0.09587633632800888,0.02026793360710144,-0.015230417251586914
RER2,-0.09268439365321744,0.05605357885360718,-0.08305275440216064
RIB1,0.15655329665134832,-0.10269415378570557,-0.20910704135894775
RIB2,0.17425437734008614,-0.05574238300323486,-0.03913605213165283
RIB3,0.05621212546566837,0.11626270413398743,0.06715109944343567
RIB4,-0.061016060454522764,0.07806113362312317,0.021220535039901733
RIB5,0.029519254207406382,-0.005765557289123535,0.0432547926902771
RIB7,0.2408375528528325,0.06911614537239075,0.11798599362373352
RIM2,-0.08682504300274982,-0.21339070796966553,-0.16611266136169434
RIP1,0.2601431994388114,0.14580363035202026,-0.33729684352874756
RKI1,1.3340374477193648,0.9042291045188904,1.5925368070602417
RNR1,0.07375808431133843,0.04841667413711548,-0.02937239408493042
RNR2,-0.5727646085762111,0.5545040965080261,-0.2886531352996826
RNR4,-0.13371451041751045,-0.17734801769256592,-0.3574027419090271
ROT2,0.04923852860032643,-0.326138436794281,-0.015023887157440186
RPE1,0.2905035043683282,0.04356923699378967,-0.03861957788467407
RTC2,0.31026514925025617,0.10021552443504333,0.08186522126197815
SAC1,0.07108736102249298,0.01711288094520569,-0.06644701957702637
SAH1,0.031769315453255474,0.035220444202423096,0.06211492419242859
SAM1,0.2704055726219677,-0.13075923919677734,-0.06015598773956299
SAM2,-0.10506602092170116,-0.1566653847694397,0.17371219396591187
SAM3,1.1495872234179016,0.182450532913208,0.18833529949188232
SAM4,0.14033217412040214,0.1255168914794922,0.061893314123153687
SCS7,-0.054494743378990206,-0.06339371204376221,-0.3455526828765869
SCT1,-0.07702771423743608,-0.2586331367492676,-0.203618586063385
SDH1,0.7947218492690464,0.3110632300376892,0.3936200737953186
SDH2,0.6295512927718308,0.08242255449295044,0.025861680507659912
SDH3,0.5765310999941926,0.02826225757598877,-0.20646435022354126
SDH4,0.5872083586324643,0.06261864304542542,0.04504391551017761
SDT1,-0.18097870314258885,-0.056368470191955566,0.04552865028381348
SEC53,-0.11488613174572905,0.2022031545639038,0.10346156358718872
SEC59,0.059101646515562115,0.005527377128601074,0.1238836944103241
SER1,0.3988844282775791,0.12154185771942139,0.38221412897109985
SER2,-0.2596378183993562,0.1225753128528595,0.06579837203025818
SER3,-0.14163228557438293,0.039330095052719116,0.03290826082229614
SER33,-0.07720198154887198,0.12301874160766602,0.0790649950504303
SES1,0.12448867281281427,0.047466784715652466,0.028021961450576782
SET1,0.13095938976072136,-0.19093459844589233,-0.012994050979614258
SET2,0.1230216924603748,0.15806806087493896,-0.04865825176239014
SFA1,-0.1113643621074466,0.19803178310394287,0.12222921848297119
SFC1,1.5283452163677675,1.179846167564392,1.7811330556869507
SHB17,0.16995274366515492,0.08584004640579224,0.14844855666160583
SHH4,-0.6675872522798311,-0.12242650985717773,0.06464755535125732
SHM1,0.010202724081294473,0.09119468927383423,0.014750480651855469
SHM2,0.4530860485242321,0.28122854232788086,0.34241390228271484
SIR2,0.16190721747255826,0.05436715483665466,0.26546016335487366
SIS2,0.04662326406592904,0.050920963287353516,0.14713194966316223
SKN1,-0.06304623660335812,0.02215135097503662,0.15762260556221008
SLC1,-0.09758539439458706,0.17430245876312256,0.05966377258300781
SLM5,0.054477856128209004,-0.08358609676361084,0.03465035557746887
SMP3,0.18697043902548136,-0.05616194009780884,0.05374699831008911
SOD1,-0.2879889058688363,-0.14932185411453247,-0.46984702348709106
SOD2,-0.11715988780372175,-0.2090437412261963,-0.005392491817474365
SOL3,-0.4238129840748467,-0.6283829212188721,-1.0657777786254883
SOL4,-1.0947066284157825,-0.04005730152130127,-0.06860232353210449
SOR2,0.08376653096352928,-0.21981370449066162,0.05843326449394226
SPE1,-0.022063816107795845,0.02327585220336914,-0.018138587474822998
SPE2,0.3087689889109119,-0.052106261253356934,0.08643689751625061
SPE3,0.13197699308811162,0.11257469654083252,0.02047017216682434
SPE4,-0.06591877342869594,-0.032197415828704834,-0.07142937183380127
SPF1,-0.15418604098131902,0.05871182680130005,0.05498787760734558
SPO14,0.13882027118920287,0.006340891122817993,-0.09308701753616333
SPS19,-0.1348422608640075,0.14475873112678528,-0.0004432797431945801
SPT14,0.049783282427526304,0.13873958587646484,0.06912457942962646
SRY1,0.5233619276775313,0.10972464084625244,0.09211167693138123
SSU1,-0.26660350600564786,0.034545719623565674,0.14669373631477356
STE14,0.2715046325765161,0.04466480016708374,-0.04888510704040527
STL1,0.3902861988689472,0.9201526641845703,0.409295916557312
STR2,0.10171196453263864,0.02554929256439209,-0.019433975219726562
STR3,-0.20227428032279485,0.12610411643981934,0.0821419358253479
STT3,-0.01857697509150072,0.055498749017715454,-0.005649566650390625
STT4,0.07435226076150045,-0.08208513259887695,-0.23882389068603516
STV1,0.02011430719340161,0.054475992918014526,-0.018573880195617676
SUA5,0.08109451422652568,-0.13313841819763184,-0.11993855237960815
SUC2,-0.4338043951021047,-1.0787817239761353,-0.6782594919204712
SUL1,0.4237474173142695,0.3370710611343384,0.217759370803833
SUL2,0.07069941578118423,-0.031222224235534668,0.029488682746887207
SUR1,-0.03000697585335245,-0.34747374057769775,-0.14403825998306274
SUR2,-0.15414054567281596,0.008757323026657104,0.02395927906036377
TAL1,-0.43294323256760137,-0.8809202909469604,-0.2418341040611267
TAM41,0.4163323930860332,-0.1284295916557312,0.15744373202323914
TAT1,0.3510008850777395,-0.21748226881027222,0.006747722625732422
TAT2,0.09141208076687338,0.006357312202453613,0.04572126269340515
TAZ1,0.08329299401016574,0.16848689317703247,0.1504732072353363
TDH1,-2.334339885932238,-0.7683248519897461,-1.1800916194915771
TDH2,-1.2250315012149782,-0.625454306602478,-0.6599938869476318
TDH3,-0.8539127849295757,-0.5349148511886597,-0.5516810417175293
TES1,-0.028891664021504636,0.04455193877220154,0.003532588481903076
TGL1,0.04760379414982483,-0.04527628421783447,0.01790750026702881
TGL2,0.11862215907193772,0.050211310386657715,0.09859758615493774
TGL3,0.00978282083227426,-0.0050618648529052734,0.041108280420303345
TGL4,0.0858156579922266,0.0009551644325256348,0.08189746737480164
TGL5,0.11862021214413665,-0.03384065628051758,0.0015707910060882568
THI20,-0.2044367387299703,0.09374016523361206,0.08877062797546387
THI3,0.1277305233447879,0.23397481441497803,0.0715961754322052
THI4,-0.5148751699873889,-0.15716737508773804,-0.036820948123931885
THI6,0.05365773993106302,0.0016801655292510986,-0.11346954107284546
THI7,-0.493732875103192,-0.18494975566864014,-0.08334136009216309
THI80,-0.1351647809814183,0.033638447523117065,-0.056762099266052246
THR1,0.008938627582062543,0.04306933283805847,0.064901202917099
THR4,-0.04320664269659838,0.1417161524295807,0.15247473120689392
THS1,0.046091757670793945,0.11154353618621826,0.10779792070388794
TIM11,0.31376708702762024,0.11128354072570801,0.08093959093093872
TKL1,0.015100648605495946,-0.1072162389755249,0.15570202469825745
TKL2,-1.014467367708949,0.16331380605697632,0.1796170473098755
TMS1,-0.15554779166223784,0.025937020778656006,0.06491121649742126
TMT1,0.06708305839230566,0.076872318983078,0.11665922403335571
TNA1,-0.2619493699363501,-0.2956089973449707,-0.07099288702011108
TPC1,-0.01280026968434935,0.08440569043159485,-0.09850180149078369
TPI1,-0.7037856206306714,-0.46565866470336914,-0.284551739692688
TPN1,0.149477820478551,-0.026865482330322266,0.0826464593410492
TPO1,0.02286601223040256,-0.6726889610290527,-0.22782522439956665
TPO3,-0.01278907642368095,-0.07057702541351318,0.10577782988548279
TPO4,-0.04560777723382015,-0.1292741894721985,-0.052461087703704834
TPO5,0.1092691774014531,-0.0035312771797180176,0.045526206493377686
TPS1,-0.466609133153283,0.07345220446586609,0.07160893082618713
TPS2,-0.5640340347709587,-0.21433287858963013,-0.3642926812171936
TPS3,-0.285150948745758,0.1678943932056427,-0.012858211994171143
TRK1,0.11158191155474646,0.012688905000686646,-0.03597074747085571
TRP1,0.1849201177585401,0.04344487190246582,0.013308972120285034
TRP2,0.20246416810524145,0.05576089024543762,0.11650115251541138
TRP3,0.034037880079839065,-0.02411949634552002,-0.04357403516769409
TRP4,-0.06840202557755401,-0.045495450496673584,0.12458398938179016
TRP5,0.08947810947821523,0.048270851373672485,0.03579080104827881
TRR1,0.1665241118061088,0.008486807346343994,0.0459132194519043
TRR2,-0.1481819069768489,0.06279027462005615,0.042537540197372437
TRX1,0.016214610357227332,-0.49000000953674316,-0.5291996002197266
TRX2,-0.32968382450097666,0.10549092292785645,0.04654127359390259
TRX3,-0.25546704928128033,0.09542137384414673,0.0521886944770813
TSA2,-1.0850314195140738,0.06538692116737366,0.09705093502998352
TSC10,0.06787794123483855,0.015229344367980957,0.05919942259788513
TSC13,0.08796044560838298,0.056432485580444336,0.09611770510673523
TSC3,0.1734768961262718,-0.13441050052642822,0.0940656065940857
TSL1,-0.7359583235403763,-0.06334346532821655,-0.22366493940353394
TUM1,0.13262909471795362,0.11035692691802979,0.05290970206260681
TYR1,0.10874577791819187,-0.18523210287094116,0.07653361558914185
TYS1,0.1102209233871886,0.13145789504051208,0.07635316252708435
UGA1,-0.4172088586460957,0.12076890468597412,0.0885375440120697
UGA2,-0.19843188602533834,-0.41946160793304443,-0.21271777153015137
UGP1,-0.3916026580393701,-0.3320527672767639,-0.36917662620544434
URA1,0.13081160513575546,0.10433903336524963,0.09175741672515869
URA10,-0.2769512443102223,0.04239901900291443,0.16723299026489258
URA2,0.08243555585658187,-0.10020691156387329,0.04246130585670471
URA3,0.23805676572919826,-0.10960733890533447,-0.11270272731781006
URA4,0.1111196545491575,0.021341532468795776,0.09366574883460999
URA5,-0.031127902776263882,-0.012555599212646484,-0.04344695806503296
URA6,0.0891097298857521,0.13915157318115234,0.28239932656288147
URA7,0.2422289314538363,-0.0421716570854187,0.03545728325843811
URA8,0.16062865288813893,0.13176646828651428,0.17507538199424744
URE2,0.13784862651220645,0.14603933691978455,0.12195804715156555
URH1,-0.032175331566826976,-0.01166313886642456,0.09083840250968933
URK1,0.12294371435706007,0.03862994909286499,0.039422839879989624
UTR1,0.08547350104165381,0.13211894035339355,0.18187016248703003
UTR4,-0.20930343910609725,-0.5731377601623535,-0.14912068843841553
VAC14,0.1196347777705936,0.06785398721694946,0.020350247621536255
VAS1,0.08580760033726945,0.17380422353744507,0.18705064058303833
VBA1,-0.0995226978344476,0.0668603777885437,-0.18555277585983276
VBA2,0.13669350214286627,-0.012497544288635254,-0.13227009773254395
VHC1,0.0973232070372182,-0.14020317792892456,-0.407587468624115
VHS3,0.12343672291075394,0.13537341356277466,0.0742725133895874
VHT1,0.3324825031195306,0.2070137858390808,0.1124003529548645
VIP1,0.16473451236993086,0.04393947124481201,0.023895621299743652
VMA1,-0.03593586882322334,-0.02084726095199585,0.03395858407020569
VMA10,-0.3113988277772097,0.0717327892780304,0.07549667358398438
VMA11,-0.08471432150675808,0.01637279987335205,-0.05276668071746826
VMA13,-0.3076453520438522,0.13575688004493713,0.1418541669845581
VMA16,-0.023794381055150755,-0.0967787504196167,0.09639611840248108
VMA2,-0.13890701947509154,0.10011562705039978,0.07490703463554382
VMA3,-0.038585881208558485,-0.5240391492843628,-0.5814131498336792
VMA4,-0.03503132951919079,0.10727161169052124,0.005902647972106934
VMA5,-0.15699899746955634,0.10100308060646057,0.007900476455688477
VMA6,-0.004887970101590831,-0.045042216777801514,0.024123013019561768
VMA7,-0.15161716403555628,-0.023060321807861328,0.032290518283843994
VMA8,0.01849444161955937,0.22647729516029358,-0.10467356443405151
VMA9,-0.2301255892301117,-0.03730541467666626,-0.13173794746398926
VPH1,-0.20398354711302086,0.008983016014099121,0.15633156895637512
VPS15,-0.012233606118075124,0.025283336639404297,-0.017809748649597168
VPS34,0.1301119905614004,-0.12476527690887451,-0.08005344867706299
VPS73,-0.19341634340462974,0.03439706563949585,0.022109508514404297
VRG4,-0.2069548377814968,-0.00993114709854126,0.04718831181526184
WRS1,-0.18242940359929447,-0.07216799259185791,-0.06211024522781372
XKS1,0.2756189798546532,0.0215589702129364,0.16639623045921326
XPT1,0.05783805326924819,0.10436731576919556,0.08529627323150635
XYL2,-0.09648340864530308,-0.04004836082458496,-0.21812987327575684
YAH1,0.1830042204817641,-0.013532042503356934,0.13841021060943604
YAT1,2.184446273487326,1.4511644840240479,1.867471694946289
YAT2,1.743223871059086,0.6140148639678955,1.0876708030700684
YBR241C,-0.2648763892716205,0.037811338901519775,0.004375368356704712
YBT1,-0.02736673986921086,-0.059992194175720215,-0.04831135272979736
YCF1,0.02377978789617316,-0.07169485092163086,0.028471142053604126
YDC1,-0.21837488016667544,-0.03273570537567139,0.019281774759292603
YDR248C,-0.4465263966670449,-0.29123491048812866,-0.15942734479904175
YDR341C,0.04022449539501256,-0.05441713333129883,0.0893404483795166
YEA4,0.1408704261229008,-0.04618370532989502,0.05161452293395996
YEA6,0.1183057964271765,-0.012633800506591797,0.0848739743232727
YEF1,-1.1843314018594675,-0.7101379632949829,-0.9143922328948975
YEH1,-0.4067613306496681,-0.25528252124786377,-0.09614938497543335
YEH2,-0.05569818488790194,-0.14201557636260986,-0.22679084539413452
YER010C,0.2768958013487797,0.12240168452262878,0.011829733848571777
YER152C,0.286642613700322,0.18179303407669067,0.036633461713790894
YFH1,0.1736797613631392,0.22908687591552734,0.2756213843822479
YHB1,0.40688874608268377,0.23397085070610046,0.1981704831123352
YHM2,0.5544223565636626,0.1668536365032196,0.1809748113155365
YHR020W,-0.0336184372989249,0.1423616111278534,0.21881023049354553
YIA6,0.05659291488119286,0.09974586963653564,0.03712773323059082
YJL045W,0.05563221937097887,-0.5225839614868164,-0.6219817399978638
YJL068C,0.02089091323659673,0.07279157638549805,-0.0637885332107544
YJR149W,-0.05529090394458889,0.09013310074806213,0.07582098245620728
YJU3,0.0778953813533799,0.053802549839019775,0.06822711229324341
YKE4,-0.318380134563915,0.0840499997138977,0.04037854075431824
YKL069W,0.16890732252958576,0.04419422149658203,0.06847211718559265
YLL058W,-0.057696501148383664,-0.19125300645828247,0.06712096929550171
YLR345W,0.04712597059818385,-0.0951164960861206,-0.01535707712173462
YLR446W,-0.14031985502803693,0.008494794368743896,-0.004648327827453613
YML082W,0.2267336800564759,0.10880076885223389,0.08049598336219788
YMR087W,0.04138548745565965,0.12291470170021057,0.09347733855247498
YMR099C,0.01279602329420655,0.03507274389266968,0.024281829595565796
YMR1,-0.1889166556890156,0.018997907638549805,0.10997769236564636
YMR226C,-0.07441546315832409,0.0427623987197876,0.07224559783935547
YND1,0.05473925372280231,-0.12714284658432007,-0.011850237846374512
YNK1,0.275910525941216,0.10127705335617065,0.04687961935997009
YNL092W,-0.0716459198990755,0.07365164160728455,-0.0438230037689209
YNL247W,0.05232673153270185,0.14974913001060486,-0.002160966396331787
YOL075C,-0.05754939792638356,0.03770449757575989,-0.049066781997680664
YOR283W,0.1164414086386434,0.05995294451713562,0.10131025314331055
YPC1,-0.753501286357792,-0.593697190284729,-0.8341805934906006
YPL088W,-0.21411752267749795,-0.39986270666122437,-0.49809378385543823
YPQ1,0.03279799871779581,0.0703660249710083,0.08279278874397278
YPQ2,0.08994505731850425,-0.0009615421295166016,0.05639687180519104
YPR003C,0.18219999254457425,0.06230407953262329,0.11399903893470764
YPR1,-0.13628828823184666,0.12885987758636475,0.0954785943031311
YPR127W,-0.35448062270873704,0.23563054203987122,0.07449916005134583
YSA1,-0.14769747365355718,0.050826579332351685,-0.048028409481048584
YSR3,-0.07113377912187924,-0.14707612991333008,-0.013710737228393555
YUR1,0.049339724313525936,0.13977721333503723,-0.0036040544509887695
ZRC1,0.07002554552526531,0.22507020831108093,0.2191135287284851
ZTA1,-0.10591939483975374,-0.028813302516937256,0.05733489990234375
ZWF1,-0.34831915077750725,-0.16129463911056519,-0.08439362049102783
